id,nombre,horasTrabajadas,sueldo
1,Lou,120,10000
2,Ulrike,180,25000
3,Brade,325,20000
4,Kimbell,120,50000
5,Sheelagh,220,18000
6,Gayle,120,30000
7,Kimberlee,60,33000
8,Henrieta,90,30000
9,Jeanine,325,18000
10,Aggie,75,15000
11,Brandea,180,15000
12,Cordelie,325,50000
13,Shel,120,50000
14,Bronnie,60,20000
15,Megen,180,10000
16,Iver,90,12000
17,Ernesta,60,37000
18,Cirillo,88,50000
19,Park,120,30000
20,Bellanca,88,15000
21,Bobbye,180,15000
22,Eugene,88,50000
23,Johnny,325,33000
24,Reagen,90,42000
25,Braden,180,25000
26,Karim,75,25000
27,Anthea,90,42000
28,Doro,120,33000
29,Gaye,120,37000
30,Toby,180,15000
31,Franny,325,15000
32,Katey,180,42000
33,Earle,90,10000
34,Redd,88,42000
35,Jehanna,220,50000
36,Cristie,180,10000
37,Stefa,88,42000
38,Roda,90,25000
39,Alfredo,88,10000
40,Sydney,75,10000
41,Brnaba,180,30000
42,Ame,88,50000
43,Bradney,88,25000
44,Margarete,120,50000
45,Nikoletta,120,50000
46,Lonnard,75,50000
47,Raine,180,30000
48,Noella,120,15000
49,Dagmar,88,25000
50,Carroll,220,42000
51,Marion,88,50000
52,Carline,220,12000
53,Hyacinthie,75,15000
54,Julina,120,33000
55,Corina,220,37000
56,Bernardine,75,33000
57,Homer,180,18000
58,Lianna,220,12000
59,Celene,120,50000
60,Kori,90,50000
61,Deeyn,88,20000
62,Marysa,75,20000
63,Loy,120,15000
64,Gabbey,120,37000
65,Star,90,33000
66,Dominica,120,33000
67,Blanch,75,15000
68,Cristobal,120,15000
69,Paulita,120,50000
70,Sayre,180,33000
71,Shaughn,90,15000
72,Katrine,90,25000
73,Cristi,88,42000
74,Cristie,90,25000
75,Solomon,90,10000
76,Nananne,120,33000
77,Sacha,90,25000
78,Morse,180,25000
79,Roland,180,25000
80,Jesselyn,180,30000
81,Kylila,325,12000
82,Kendre,180,25000
83,Lesya,90,15000
84,Tatiania,120,20000
85,Trenton,88,12000
86,Angie,90,20000
87,Joelle,90,37000
88,George,60,30000
89,Guenevere,90,30000
90,Margaretha,75,10000
91,Sully,60,15000
92,Lonni,220,50000
93,Nicky,180,42000
94,My,90,18000
95,Kyrstin,90,37000
96,Martino,75,15000
97,Marcellus,88,50000
98,Jacquelin,120,30000
99,Aleda,90,50000
100,Georgeta,88,10000
101,Marcille,88,10000
102,Ertha,88,10000
103,Desiri,120,25000
104,Geneva,90,33000
105,Kilian,120,42000
106,Nance,75,10000
107,Gaven,180,10000
108,Carlie,220,10000
109,Trixie,325,42000
110,Dominick,75,30000
111,Petey,120,15000
112,Tersina,75,30000
113,Johnathon,90,15000
114,Freddie,180,12000
115,Harmon,220,50000
116,Tracey,75,20000
117,Cherrita,180,33000
118,Stu,60,12000
119,Glenda,220,37000
120,Lorettalorna,220,25000
121,Patrizio,60,15000
122,Linda,88,30000
123,Pippa,325,20000
124,Pen,60,18000
125,Esteban,88,15000
126,Fonzie,325,15000
127,Cindelyn,60,12000
128,Zacharie,75,30000
129,Vina,88,42000
130,Omero,75,10000
131,Tom,75,33000
132,Dante,60,30000
133,Cordy,120,18000
134,Stephenie,220,50000
135,Dunstan,325,20000
136,Gideon,180,15000
137,Johnette,220,10000
138,Brynn,75,50000
139,Yankee,88,42000
140,Corbin,120,42000
141,Coreen,60,18000
142,Tanya,88,30000
143,Jenna,60,25000
144,Flora,90,33000
145,Dianna,90,20000
146,Armand,60,15000
147,Gustie,180,42000
148,Benton,180,12000
149,Lena,325,25000
150,Dot,180,18000
151,Meryl,220,12000
152,Babbie,120,15000
153,Byram,90,42000
154,Bertine,60,25000
155,Osbert,120,42000
156,Tanny,325,42000
157,Maryjo,60,12000
158,Clarie,60,42000
159,Kipp,90,15000
160,Leonie,325,50000
161,Ferdie,120,15000
162,Ofella,90,50000
163,Pascale,220,15000
164,Cathrin,120,30000
165,Sib,60,33000
166,Darleen,220,42000
167,Didi,60,15000
168,Lodovico,60,18000
169,Farley,325,12000
170,Devi,60,25000
171,Clair,180,37000
172,Addy,325,33000
173,Brandon,90,18000
174,Prentiss,60,30000
175,Lorant,88,50000
176,Wanids,325,30000
177,Robbi,75,10000
178,Mellicent,75,50000
179,Lynea,90,20000
180,Nial,325,15000
181,Guillaume,60,37000
182,Loutitia,88,25000
183,Ruthe,325,30000
184,Eric,60,50000
185,Marcellus,180,30000
186,Ian,75,42000
187,Sebastien,75,37000
188,Scarface,220,50000
189,Maible,75,18000
190,Waldon,90,30000
191,Bethina,75,15000
192,Farand,88,42000
193,Zolly,88,25000
194,Philipa,325,42000
195,Roderigo,88,20000
196,Otho,90,20000
197,Alasteir,120,20000
198,Eleonora,120,42000
199,Eliot,60,12000
200,Alana,220,30000
201,Odey,60,20000
202,Yorke,88,15000
203,Cissiee,180,18000
204,Jillana,180,18000
205,Mallorie,88,30000
206,Borden,88,12000
207,Maddie,60,33000
208,Weider,88,50000
209,Asia,325,37000
210,Sayres,88,10000
211,Marcile,120,30000
212,Thomasina,60,42000
213,Darwin,220,18000
214,Nicolina,90,30000
215,Nita,60,12000
216,Nikoletta,120,12000
217,Dwight,220,42000
218,Romola,88,50000
219,Kaile,325,33000
220,Mozes,220,25000
221,Aylmer,325,33000
222,Marina,120,12000
223,Enrico,325,50000
224,Zonda,325,33000
225,Adriano,220,33000
226,Trula,88,30000
227,Adel,180,30000
228,Jeniece,180,15000
229,Tabina,60,10000
230,Liana,60,33000
231,Marmaduke,220,10000
232,Alla,88,30000
233,Peter,120,12000
234,Pietro,75,18000
235,Hiram,88,20000
236,Anastasia,180,18000
237,Cathleen,180,10000
238,Leeanne,120,15000
239,Chet,325,42000
240,Billie,75,37000
241,Alexandra,75,42000
242,Broddie,90,42000
243,Brigham,180,25000
244,Cal,120,42000
245,Donal,75,18000
246,Adam,220,20000
247,Dotty,180,42000
248,Maynard,120,18000
249,Jessee,90,30000
250,Tiphani,88,42000
251,Jenna,180,30000
252,Karlotte,88,20000
253,Norene,220,25000
254,Morris,88,10000
255,Yuri,75,25000
256,Gusty,120,10000
257,Jori,180,12000
258,Sydelle,220,30000
259,Merrile,180,50000
260,Tadd,60,50000
261,Josiah,88,10000
262,Melisa,88,12000
263,Orelee,90,20000
264,Stephen,120,37000
265,Blair,180,50000
266,Arel,88,30000
267,Abbie,75,25000
268,Channa,325,50000
269,Shirl,75,20000
270,Edlin,88,20000
271,Larina,60,18000
272,Duncan,60,37000
273,Bond,180,10000
274,Dyann,75,50000
275,Charmian,60,15000
276,Dru,75,50000
277,Kiel,75,50000
278,Emory,220,15000
279,Alberik,88,50000
280,Koenraad,180,20000
281,Rafaellle,180,50000
282,Edie,325,25000
283,Osbert,325,15000
284,Sidonia,60,10000
285,Bartel,60,37000
286,Jodi,90,30000
287,Ofelia,120,30000
288,Dudley,90,42000
289,Dulcea,75,25000
290,Gordon,60,25000
291,Chalmers,220,10000
292,Christiano,60,50000
293,Russell,220,50000
294,Cleo,120,50000
295,Catriona,60,42000
296,Leigh,90,37000
297,Ddene,220,12000
298,Sayre,90,18000
299,Jody,180,33000
300,Zabrina,88,12000
301,Cos,75,30000
302,Ron,120,20000
303,Charin,180,12000
304,Coleman,220,33000
305,Jacinda,60,50000
306,Silvan,75,12000
307,Renie,90,33000
308,Davide,325,42000
309,Ernestus,60,12000
310,Brnaba,90,37000
311,Tabor,120,37000
312,Lenci,90,42000
313,Franchot,220,12000
314,Charisse,180,50000
315,Timothea,220,20000
316,Angelika,220,50000
317,Web,90,37000
318,Urban,88,10000
319,Fan,90,18000
320,Donaugh,120,12000
321,Wilona,90,25000
322,Richard,90,42000
323,Hilary,90,37000
324,Ad,90,33000
325,Maynord,220,42000
326,Lina,120,12000
327,Nerty,220,20000
328,Matias,60,33000
329,Urbano,60,50000
330,Rosemarie,220,33000
331,Booth,88,15000
332,Eden,75,18000
333,Cornie,75,15000
334,Isak,220,20000
335,Rand,88,20000
336,Dominique,220,37000
337,Lira,60,30000
338,Filbert,325,20000
339,Nona,75,30000
340,Melloney,325,33000
341,Rafaello,180,37000
342,Floria,60,12000
343,Johannes,88,18000
344,Genevra,90,10000
345,Aldric,220,50000
346,Janeta,120,10000
347,Tarra,75,12000
348,Jefferey,220,33000
349,Cassie,88,50000
350,Maiga,120,20000
351,Heddi,325,20000
352,Marieann,325,50000
353,Carita,180,42000
354,Kurtis,88,50000
355,Wilfred,180,20000
356,Isabelle,120,20000
357,Nisse,220,37000
358,Ula,75,50000
359,Tully,88,18000
360,Honor,120,30000
361,Sinclair,60,50000
362,Buddy,120,50000
363,Neilla,180,50000
364,Junie,90,20000
365,Neely,120,20000
366,Klarrisa,180,18000
367,Maryellen,120,37000
368,Clywd,220,33000
369,Deni,60,42000
370,Ingrim,120,30000
371,Franni,325,42000
372,Andy,75,37000
373,Veronica,75,42000
374,Dalis,60,42000
375,Nanni,180,25000
376,Vikky,90,15000
377,Hussein,325,25000
378,Brigg,220,10000
379,Crawford,180,12000
380,Fran,220,30000
381,Silas,90,15000
382,Alister,90,33000
383,George,325,15000
384,Nonnah,120,25000
385,Gayel,90,20000
386,Demeter,88,10000
387,Juliann,90,50000
388,Shauna,120,25000
389,Ag,88,50000
390,Sherwin,88,50000
391,Vikki,88,33000
392,Barret,60,10000
393,Gaelan,90,25000
394,Livy,60,20000
395,Iorgos,90,18000
396,Charil,88,33000
397,Easter,88,30000
398,Esdras,120,37000
399,Prince,60,25000
400,Vail,120,33000
401,Rachel,325,12000
402,Bar,88,20000
403,Willa,325,30000
404,Amerigo,88,33000
405,Fredric,325,50000
406,Mikael,220,50000
407,Benson,120,20000
408,Sileas,120,20000
409,Fidelia,60,12000
410,Frayda,60,30000
411,Babita,90,30000
412,Clair,75,42000
413,Morie,180,12000
414,Skylar,325,20000
415,Dennie,75,42000
416,Sibley,60,20000
417,Addia,75,20000
418,Ed,180,18000
419,Lothaire,180,12000
420,Neila,120,15000
421,Jennifer,220,15000
422,Keelby,325,15000
423,Chuck,325,33000
424,Jordan,90,33000
425,Minnnie,180,20000
426,Carine,180,33000
427,Kelly,325,37000
428,Coleman,90,25000
429,Pincus,88,42000
430,Smitty,220,15000
431,Wade,325,12000
432,Emmit,180,12000
433,Brietta,75,42000
434,Wesley,60,10000
435,Felicdad,120,18000
436,Any,60,18000
437,Gardie,90,12000
438,Leelah,325,25000
439,Garold,60,20000
440,Regine,180,10000
441,Tam,220,20000
442,Davon,220,20000
443,Chrissy,180,18000
444,Ozzie,120,20000
445,Rina,325,20000
446,Guy,180,42000
447,Lenora,60,18000
448,Julietta,220,42000
449,Alexandr,220,18000
450,Margalit,75,15000
451,Samara,88,50000
452,Portie,220,15000
453,Korella,325,33000
454,Hilly,325,30000
455,Leeanne,75,10000
456,Arnaldo,180,10000
457,Kassi,325,37000
458,Karen,60,20000
459,Mac,325,20000
460,Anthia,60,37000
461,Marsiella,120,20000
462,Shea,120,12000
463,Liana,90,15000
464,Carley,120,12000
465,Carlye,120,37000
466,Svend,60,25000
467,Kendell,90,25000
468,Chrisy,60,15000
469,Rod,75,50000
470,Ramsay,90,20000
471,Saidee,325,50000
472,Erek,180,10000
473,Salomi,60,10000
474,Coletta,90,50000
475,Abigael,90,12000
476,Mariele,60,33000
477,Brooke,88,20000
478,Benita,90,25000
479,Marissa,90,37000
480,Lionello,60,37000
481,Tori,120,42000
482,Micheil,220,37000
483,Kym,120,20000
484,Melisse,220,10000
485,Bartholomew,120,33000
486,Rorie,220,25000
487,Hedvige,220,37000
488,Dorothea,75,15000
489,Tamarah,88,50000
490,Skipton,75,10000
491,Minny,90,33000
492,Joshia,75,33000
493,Mirilla,180,30000
494,Willey,220,15000
495,Conrado,220,50000
496,Fredia,220,30000
497,Gretchen,180,12000
498,Bibbie,60,37000
499,Warren,220,25000
500,Gabi,220,30000
501,Callie,220,50000
502,Patton,60,15000
503,Karie,75,25000
504,Martguerita,90,50000
505,Lothaire,60,20000
506,Patrice,220,37000
507,Lin,120,12000
508,Cornie,180,42000
509,Irena,180,20000
510,Markos,60,20000
511,Bird,75,18000
512,Lorna,325,42000
513,Vincents,90,25000
514,Torrey,325,42000
515,Pernell,325,50000
516,Danya,180,25000
517,Erda,325,37000
518,Ethe,325,20000
519,Coop,90,37000
520,Sheridan,120,50000
521,Charles,180,42000
522,Eddy,88,12000
523,Janey,120,42000
524,Edan,88,20000
525,Homer,325,10000
526,Eveline,325,37000
527,Daveta,180,20000
528,Mort,90,42000
529,Maxi,75,37000
530,Nathalie,120,37000
531,Dennison,325,25000
532,Bunnie,120,33000
533,Frans,88,33000
534,Delmar,325,42000
535,Ced,90,20000
536,Caren,75,12000
537,Christie,88,18000
538,Saunders,325,25000
539,Deny,180,18000
540,Gene,90,15000
541,Margeaux,220,18000
542,Prisca,180,18000
543,Domini,88,18000
544,Henrie,75,50000
545,Marj,120,18000
546,Mab,120,25000
547,Josiah,120,12000
548,Mathe,180,12000
549,Gauthier,88,12000
550,Delmore,180,33000
551,Lynett,120,37000
552,Lucais,90,42000
553,Clarice,180,33000
554,Aeriela,120,37000
555,Babbie,75,15000
556,Caren,90,15000
557,Jessamine,325,18000
558,Hesther,88,15000
559,Sasha,88,15000
560,Erica,120,10000
561,Keith,120,10000
562,Briney,88,12000
563,Rutherford,90,15000
564,Lemmie,325,18000
565,Dur,220,25000
566,Modesta,120,33000
567,Carter,88,33000
568,Retha,220,15000
569,Carma,220,33000
570,Antonella,90,15000
571,Sutherlan,75,10000
572,Phillipe,88,37000
573,Florida,180,37000
574,Corrina,75,15000
575,Adrianne,220,10000
576,Scarlett,325,20000
577,Shel,120,25000
578,Delaney,88,50000
579,Tiphani,220,33000
580,Grier,88,42000
581,Annabell,180,15000
582,Basil,120,12000
583,Horatius,180,18000
584,Umeko,220,30000
585,Hayes,220,10000
586,Lynnette,220,37000
587,Hesther,180,33000
588,Trumaine,325,15000
589,Emlyn,325,50000
590,Corabelle,220,37000
591,Vic,220,25000
592,Cyndia,88,33000
593,Gray,120,42000
594,Dylan,120,30000
595,Isabelle,60,20000
596,Eachelle,180,37000
597,Howard,88,18000
598,Cornall,75,18000
599,Emmalee,90,18000
600,Brian,180,20000
601,Cahra,325,50000
602,Arvin,220,50000
603,Minda,90,15000
604,Dedie,88,33000
605,Lydia,325,15000
606,Joshia,220,25000
607,Bernita,325,15000
608,Sayre,90,33000
609,Pearla,220,20000
610,Fidole,75,30000
611,Evin,325,12000
612,Fredia,60,20000
613,Idalina,120,50000
614,Hetti,75,30000
615,Kirk,180,30000
616,Orson,180,25000
617,Lyndsay,180,42000
618,Lissy,60,37000
619,Odessa,120,50000
620,Hestia,180,18000
621,Dorotea,88,10000
622,Giraud,90,15000
623,Tonya,180,37000
624,Menard,88,37000
625,Nicola,75,12000
626,Maddy,60,25000
627,Mace,88,18000
628,Lyndy,180,37000
629,Ivonne,90,20000
630,Josepha,88,20000
631,Shandra,120,50000
632,Viva,88,25000
633,Sherwin,180,10000
634,Abigail,90,18000
635,Rosalia,60,18000
636,Merissa,60,25000
637,Marylee,60,50000
638,Wolfy,120,33000
639,Maia,220,10000
640,Elinor,60,33000
641,Neron,180,42000
642,Malachi,60,25000
643,Sarajane,60,10000
644,Arlie,88,42000
645,Felike,220,12000
646,Ethan,90,12000
647,Ruthy,180,20000
648,Hugo,60,30000
649,Thorndike,220,10000
650,Cesaro,325,30000
651,Harmonia,75,12000
652,Damara,180,12000
653,Maddy,88,25000
654,Filmer,90,50000
655,Boothe,75,12000
656,Dorrie,120,42000
657,Willdon,220,10000
658,Cindi,325,12000
659,Shermie,120,12000
660,Byrom,180,42000
661,Millie,90,15000
662,Natassia,325,42000
663,Wheeler,60,25000
664,Caritta,88,12000
665,Kennan,120,12000
666,Katina,180,20000
667,Beverlee,60,25000
668,Arlette,220,30000
669,Jacqueline,90,50000
670,Lambert,325,42000
671,Lamont,220,33000
672,Immanuel,75,33000
673,Nani,220,50000
674,Galen,60,50000
675,Nilson,88,10000
676,Tomi,60,50000
677,Flore,75,30000
678,Burgess,120,12000
679,Tally,75,42000
680,Jaquenette,60,25000
681,Sly,60,42000
682,Yul,60,30000
683,Rosalyn,325,37000
684,Devondra,75,10000
685,Xenos,88,37000
686,Terrence,75,42000
687,Krystyna,60,50000
688,Krishna,325,50000
689,Zorina,75,18000
690,Baxy,120,20000
691,Terrie,75,42000
692,Justino,220,18000
693,Erhard,75,33000
694,Robbie,120,30000
695,Paddie,90,33000
696,Evelyn,75,10000
697,Abbot,90,33000
698,Tedra,90,33000
699,Rikki,90,12000
700,Alverta,90,25000
701,Pauly,120,30000
702,Ariella,60,12000
703,Lia,120,20000
704,Petronille,75,42000
705,Merle,325,10000
706,Hagan,120,50000
707,Nikolaus,88,30000
708,Cinda,120,42000
709,Matelda,120,18000
710,Roslyn,120,25000
711,Jerrylee,180,10000
712,Lucky,325,42000
713,Elita,90,18000
714,Hyacinthia,90,25000
715,Fina,220,42000
716,Kamila,88,42000
717,Jennie,88,42000
718,Riobard,180,42000
719,Joannes,325,10000
720,Darlene,180,42000
721,Zia,75,42000
722,Cristina,90,15000
723,Jonathon,220,50000
724,Rickie,220,42000
725,Klara,180,50000
726,Osbert,75,33000
727,Emmet,90,37000
728,Cassandry,60,33000
729,Enrica,325,18000
730,Evvy,75,42000
731,Silas,180,20000
732,Kaia,180,25000
733,Arvie,325,15000
734,Keith,180,20000
735,Silvie,120,12000
736,Winnifred,75,10000
737,Chen,325,37000
738,Carleton,75,15000
739,Silvano,220,12000
740,Pancho,88,18000
741,Melonie,90,33000
742,Gordon,325,12000
743,Rosemarie,75,10000
744,Graehme,90,18000
745,Mitchael,90,33000
746,Carola,325,10000
747,Jude,180,12000
748,Arch,180,33000
749,Andrej,88,50000
750,Amber,325,42000
751,Dorian,325,15000
752,Kaitlynn,88,15000
753,Kerianne,220,37000
754,Boycie,88,18000
755,Nanete,90,37000
756,Sidonia,120,10000
757,Galvan,120,33000
758,Lucienne,75,25000
759,Davidson,75,37000
760,Roslyn,180,10000
761,Jenny,180,33000
762,Toby,88,20000
763,Brynne,325,18000
764,Blakeley,325,18000
765,Egan,325,10000
766,Barbey,325,20000
767,Portia,60,33000
768,Alica,60,37000
769,Juliana,180,50000
770,Barde,88,18000
771,Wilie,90,30000
772,Letta,220,10000
773,Ree,90,42000
774,Ingmar,75,18000
775,Melva,120,42000
776,Tootsie,88,25000
777,Felike,75,33000
778,Laughton,325,15000
779,Crosby,60,12000
780,Marianne,60,33000
781,Francine,120,42000
782,Edan,60,50000
783,Fayre,120,18000
784,Adelaida,180,37000
785,Florella,220,25000
786,Noll,120,30000
787,Ki,60,42000
788,Jermayne,75,33000
789,Grayce,325,33000
790,Harv,325,42000
791,Lorianna,60,15000
792,Hersh,180,33000
793,Diahann,88,33000
794,Yelena,180,50000
795,Emmaline,88,37000
796,Daffi,90,12000
797,Janine,60,50000
798,Sheilah,180,42000
799,Lazaro,220,10000
800,Earle,90,30000
801,Fred,88,25000
802,Almira,220,42000
803,Wini,88,37000
804,Emanuel,75,30000
805,Obadias,220,10000
806,Efrem,325,20000
807,Susi,60,18000
808,Maxy,60,15000
809,Agnes,88,42000
810,Obadiah,60,12000
811,Lefty,220,50000
812,Michele,88,42000
813,Cynthia,88,25000
814,Hyatt,220,20000
815,Roch,220,33000
816,Mag,88,12000
817,Trevor,180,10000
818,Jefferey,75,10000
819,Tania,325,42000
820,Mercie,90,42000
821,Andrei,325,10000
822,Yetta,120,25000
823,Angeli,90,20000
824,Norbert,90,20000
825,Conan,180,20000
826,Cale,60,50000
827,Christina,60,37000
828,Olivier,325,20000
829,Oby,325,12000
830,Chad,75,15000
831,Adelle,60,10000
832,Keene,60,25000
833,Corrina,75,50000
834,Hashim,88,50000
835,Oralia,325,10000
836,Wadsworth,325,30000
837,Shelley,60,15000
838,Irv,120,15000
839,Grant,220,33000
840,Bella,88,18000
841,Yardley,60,50000
842,Brendin,120,10000
843,Estella,220,42000
844,Rasia,60,37000
845,Gibb,180,20000
846,Amanda,325,37000
847,Sidoney,220,20000
848,Giacopo,90,18000
849,Eve,180,12000
850,Levon,120,25000
851,Vassili,120,33000
852,Henrieta,180,30000
853,Devlen,120,37000
854,Ophelie,120,37000
855,Abramo,325,37000
856,Fair,60,37000
857,Pietrek,325,25000
858,Holden,180,50000
859,Cherish,90,42000
860,Alonzo,325,12000
861,Devonna,60,18000
862,Rubi,60,18000
863,Emmanuel,220,30000
864,Trumaine,88,42000
865,Malory,220,42000
866,Pearla,220,33000
867,Phelia,60,33000
868,Madonna,120,10000
869,Thomasa,90,18000
870,Estella,325,20000
871,Saw,60,15000
872,Cecil,75,37000
873,Mac,60,25000
874,Ralf,120,12000
875,Barbey,325,12000
876,Josi,120,18000
877,Kenna,120,25000
878,Rina,75,25000
879,Callida,88,33000
880,Lona,220,30000
881,Jan,90,18000
882,Bailey,88,30000
883,Guillermo,75,42000
884,Katlin,88,25000
885,Flo,325,42000
886,Madel,180,12000
887,Conant,75,37000
888,Devland,60,10000
889,Annamarie,120,20000
890,Gabbie,220,42000
891,Frasquito,90,15000
892,Oberon,88,15000
893,Gabriell,120,10000
894,Ki,220,30000
895,Martelle,120,15000
896,Riccardo,90,42000
897,Shaughn,180,50000
898,Coral,120,18000
899,Judas,120,10000
900,Josiah,325,12000
901,Freda,60,42000
902,Lynn,325,37000
903,Tabb,325,50000
904,Brittany,180,18000
905,Leo,88,42000
906,Atlante,120,33000
907,Maurie,180,50000
908,Oren,120,20000
909,Anetta,60,10000
910,Curry,88,20000
911,Tyrone,180,15000
912,Saunder,180,37000
913,Luis,60,12000
914,Alysia,325,37000
915,Calypso,90,12000
916,Gretna,220,42000
917,Odie,90,20000
918,Wenda,90,12000
919,Ezekiel,75,20000
920,Orlan,60,25000
921,Wittie,90,37000
922,Abbie,90,18000
923,Robinia,120,10000
924,Hayden,180,30000
925,Melody,60,20000
926,Emory,325,37000
927,Callie,75,10000
928,Debby,180,18000
929,Gui,325,20000
930,Dorette,120,37000
931,Jillane,90,37000
932,Carolina,88,33000
933,Randy,120,15000
934,Arabel,180,50000
935,Verina,75,37000
936,Josefina,90,30000
937,Nina,120,25000
938,Vernen,120,18000
939,Loria,180,25000
940,Isabeau,88,37000
941,Cherice,220,15000
942,Kimberley,325,18000
943,Martyn,180,25000
944,Agustin,75,25000
945,Clerissa,120,15000
946,Lonna,120,10000
947,Wake,220,25000
948,Edwina,75,42000
949,Lacey,75,50000
950,Laetitia,90,33000
951,Delila,325,20000
952,Sioux,120,12000
953,Floyd,75,15000
954,Trista,75,50000
955,Shaughn,90,15000
956,Zitella,120,42000
957,Ginnie,180,15000
958,Burty,60,12000
959,Arley,120,33000
960,Ansley,75,37000
961,Kirstin,180,12000
962,Karon,88,10000
963,Esme,120,37000
964,Berenice,325,10000
965,Charlie,325,50000
966,Noach,325,12000
967,Mercedes,180,12000
968,Sloan,325,42000
969,Guglielma,120,15000
970,Herrick,75,30000
971,Aleksandr,88,42000
972,Arlina,325,33000
973,Wenonah,325,12000
974,Warner,90,30000
975,Libbey,120,42000
976,Brana,60,10000
977,Genevieve,180,20000
978,Sharai,75,10000
979,Josi,120,12000
980,Pebrook,60,33000
981,Erna,325,33000
982,Ferd,88,25000
983,Mohammed,220,42000
984,Dawn,180,37000
985,Wandie,60,25000
986,Chiarra,325,18000
987,Zaccaria,88,33000
988,Trenna,90,10000
989,Angelia,60,50000
990,Raquela,180,12000
991,Maxi,325,18000
992,Atalanta,90,37000
993,Jaye,75,25000
994,Tamarra,60,15000
995,Saleem,60,20000
